City_ID,City,Country,Date,Lat,Lng,Max Temp,Humidity,Cloudiness,Wind Speed
0,Pevek,RU,2022-09-19 18:08:39,69.7008,170.3133,32.07,84,100,6.11
1,Sakakah,SA,2022-09-19 18:08:40,29.9697,40.2064,88.47,22,0,11.9
2,Isangel,VU,2022-09-19 18:08:40,-19.55,169.2667,75.74,83,25,9.98
3,Naze,JP,2022-09-19 18:08:41,28.3667,129.4833,76.51,87,53,9.95
4,Vila,PT,2022-09-19 18:08:41,42.0304,-8.1588,68.88,68,45,3.53
5,Pandan,PH,2022-09-19 18:08:41,14.0453,124.1694,81.16,77,99,8.05
6,Port Moresby,PG,2022-09-19 18:08:42,-9.4431,147.1797,75.54,88,66,6.06
7,Pochutla,MX,2022-09-19 18:08:42,15.7432,-96.4661,81.82,72,47,6.51
8,Akdagmadeni,TR,2022-09-19 18:08:43,39.6603,35.8836,58.78,82,5,5.28
9,Provideniya,RU,2022-09-19 18:08:43,64.3833,-173.3,40.91,80,100,3.42
10,Butaritari,KI,2022-09-19 18:08:44,3.0707,172.7902,81.88,67,91,19.13
11,New Norfolk,AU,2022-09-19 18:08:44,-42.7826,147.0587,44.71,84,85,2.73
12,Rikitea,PF,2022-09-19 18:08:45,-23.1203,-134.9692,72.54,77,82,16.49
13,Hermanus,ZA,2022-09-19 18:08:45,-34.4187,19.2345,57.79,81,50,6.24
14,Kevsala,RU,2022-09-19 18:08:45,45.7983,42.6903,65.1,67,100,2.39
15,Cabo San Lucas,MX,2022-09-19 18:08:46,22.8909,-109.9124,85.3,83,75,12.66
16,Kapaa,US,2022-09-19 18:08:46,22.0752,-159.319,80.58,78,40,13.8
17,Talnakh,RU,2022-09-19 18:08:47,69.4865,88.3972,31.21,77,38,18.7
18,Quatre Cocos,MU,2022-09-19 18:08:47,-20.2078,57.7625,71.1,73,11,14.07
19,Puerto Ayora,EC,2022-09-19 18:08:48,-0.7393,-90.3518,76.96,87,81,5.99
20,Taybad,IR,2022-09-19 18:08:48,34.74,60.7756,74.53,22,0,8.08
21,Khatanga,RU,2022-09-19 18:08:49,71.9667,102.5,27.86,88,89,13.38
22,Lebu,CL,2022-09-19 18:08:49,-37.6167,-73.65,50.49,60,6,10.78
23,Puerto Madryn,AR,2022-09-19 18:06:32,-42.7692,-65.0385,38.8,96,100,29.51
24,Hobart,AU,2022-09-19 18:08:50,-42.8794,147.3294,45.05,89,65,5.75
25,Talagang,PK,2022-09-19 18:08:50,32.9297,72.4158,83.84,54,0,5.44
26,Bredasdorp,ZA,2022-09-19 18:08:51,-34.5322,20.0403,51.75,83,56,7.23
27,Panalipan,PH,2022-09-19 18:08:51,10.6483,124.0217,79.86,81,100,5.48
28,Bani,DO,2022-09-19 18:08:51,18.2833,-70.3333,76.44,80,98,3.0
29,Mataura,NZ,2022-09-19 18:08:52,-46.1927,168.8643,46.47,87,90,2.71
30,Qaanaaq,GL,2022-09-19 18:08:52,77.484,-69.3632,26.47,59,90,7.31
31,Ponta Delgada,PT,2022-09-19 18:08:53,37.7333,-25.6667,77.72,73,20,9.22
32,Busselton,AU,2022-09-19 18:08:53,-33.65,115.3333,56.1,78,96,12.57
33,Baherden,TM,2022-09-19 18:08:54,38.4362,57.4316,78.98,23,0,4.21
34,San Cristobal,VE,2022-09-19 18:08:54,7.7669,-72.225,80.78,74,100,1.45
35,Ushuaia,AR,2022-09-19 18:08:54,-54.8,-68.3,46.06,53,0,2.3
36,Albany,US,2022-09-19 18:08:55,42.6001,-73.9662,79.21,75,89,1.01
37,Punta Arenas,CL,2022-09-19 18:08:55,-53.15,-70.9167,44.71,61,0,9.22
38,Hilo,US,2022-09-19 18:03:57,19.7297,-155.09,75.25,95,100,1.01
39,Qasigiannguit,GL,2022-09-19 18:08:56,68.8193,-51.1922,34.05,94,100,3.94
40,Porto Uniao,BR,2022-09-19 18:08:56,-26.2381,-51.0783,53.37,99,100,2.64
41,Tekeli,KZ,2022-09-19 18:08:57,44.83,78.8239,60.33,34,12,7.78
42,Nargana,PA,2022-09-19 18:08:57,9.4428,-78.5906,82.11,77,66,6.44
43,Narimanov,RU,2022-09-19 18:08:58,46.6927,47.8498,67.95,42,35,7.74
44,Port Alfred,ZA,2022-09-19 18:08:58,-33.5906,26.891,57.18,95,100,5.99
45,Butig,PH,2022-09-19 18:09:01,7.7244,124.3008,67.87,94,100,1.45
46,Balad,IQ,2022-09-19 18:09:01,34.0164,44.1453,93.99,11,0,7.7
47,Avarua,CK,2022-09-19 18:09:02,-21.2078,-159.775,73.45,83,100,1.14
48,East London,ZA,2022-09-19 18:06:40,-33.0153,27.9116,56.34,88,40,23.02
49,Cururupu,BR,2022-09-19 18:09:02,-1.8283,-44.8683,86.41,58,100,5.86
50,Yuzhno-Kurilsk,RU,2022-09-19 18:09:03,44.0306,145.8556,66.15,98,100,15.48
51,Maltahohe,NA,2022-09-19 18:09:03,-24.8333,16.9833,51.67,28,0,19.15
52,Faanui,PF,2022-09-19 18:09:04,-16.4833,-151.75,78.46,72,5,14.9
53,Mehamn,NO,2022-09-19 18:09:05,71.0357,27.8492,44.55,87,75,19.57
54,Carnarvon,AU,2022-09-19 18:08:00,-24.8667,113.6333,60.46,59,0,14.58
55,Vaini,TO,2022-09-19 18:09:05,-21.2,-175.2,73.56,83,20,9.22
56,Pangnirtung,CA,2022-09-19 18:09:06,66.1451,-65.7125,40.33,98,100,3.29
57,Barrow,US,2022-09-19 18:09:06,71.2906,-156.7887,39.22,93,0,9.22
58,Rawah,IQ,2022-09-19 18:09:07,34.4816,41.9093,91.47,14,0,9.8
59,Balagunan,PH,2022-09-19 18:09:07,7.4922,125.5211,77.76,90,100,2.46
60,Klaksvik,FO,2022-09-19 18:09:08,62.2266,-6.589,50.92,94,98,23.76
61,Tuktoyaktuk,CA,2022-09-19 18:09:09,69.4541,-133.0374,46.4,76,75,8.05
62,Castro,BR,2022-09-19 18:09:10,-24.7911,-50.0119,68.85,58,100,2.93
63,Jamestown,US,2022-09-19 18:07:19,42.097,-79.2353,72.99,76,75,14.97
64,Manokwari,ID,2022-09-19 18:09:10,-0.8667,134.0833,77.77,78,52,2.68
65,Las Palmas,ES,2022-09-19 18:09:11,28.4204,-14.0131,72.39,88,40,3.44
66,Hithadhoo,MV,2022-09-19 18:09:11,-0.6,73.0833,82.33,74,92,8.5
67,Kaitangata,NZ,2022-09-19 18:09:12,-46.2817,169.8464,47.17,84,66,4.12
68,Ayame,CI,2022-09-19 18:09:12,5.6083,-3.1563,74.37,91,100,5.19
69,Kyra,RU,2022-09-19 18:09:13,49.5776,111.9753,37.51,73,20,4.29
70,Luderitz,NA,2022-09-19 18:09:13,-26.6481,15.1594,56.37,63,0,30.06
71,Sola,VU,2022-09-19 18:09:14,-13.8833,167.55,79.59,80,60,23.98
72,Yellowknife,CA,2022-09-19 18:05:04,62.456,-114.3525,53.56,66,100,8.99
73,Bayir,TR,2022-09-19 18:09:14,37.2687,28.2167,72.12,57,0,5.06
74,Kaniama,CD,2022-09-19 18:09:15,-7.5667,24.1833,76.21,62,96,2.95
75,Muisne,EC,2022-09-19 18:09:15,0.6,-80.0333,78.15,74,100,10.0
76,El Sauzal,MX,2022-09-19 18:04:18,31.9,-116.6833,73.42,71,0,7.67
77,Huarmey,PE,2022-09-19 18:09:16,-10.0681,-78.1522,68.88,69,28,12.06
78,Kavieng,PG,2022-09-19 18:09:16,-2.5744,150.7967,80.31,78,95,9.53
79,Ballina,AU,2022-09-19 18:09:17,-28.8667,153.5667,53.78,66,0,8.75
80,Berasia,IN,2022-09-19 18:09:17,23.6333,77.4333,74.95,77,36,3.98
81,Baruun-Urt,MN,2022-09-19 18:09:18,46.6806,113.2792,39.58,39,0,8.75
82,Ahipara,NZ,2022-09-19 18:09:18,-35.1667,173.1667,58.17,97,100,4.07
83,Cherskiy,RU,2022-09-19 18:09:19,68.75,161.3,29.44,76,89,6.96
84,Arraial Do Cabo,BR,2022-09-19 18:09:19,-22.9661,-42.0278,71.46,64,0,16.11
85,Saskylakh,RU,2022-09-19 18:09:20,71.9167,114.0833,28.29,94,93,7.99
86,Singaraja,ID,2022-09-19 18:09:20,-8.112,115.0882,76.69,80,51,9.22
87,Liseleje,DK,2022-09-19 18:09:21,56.0053,11.9483,55.18,74,22,8.01
88,Karratha,AU,2022-09-19 18:09:22,-20.7377,116.8463,67.08,34,2,18.3
89,Prieska,ZA,2022-09-19 18:09:22,-29.6641,22.7474,50.54,64,88,22.5
90,Clyde River,CA,2022-09-19 18:07:41,70.4692,-68.5914,35.06,91,100,10.09
91,Buritizeiro,BR,2022-09-19 18:09:23,-17.3511,-44.9622,95.14,22,1,3.11
92,Reyes,BO,2022-09-19 18:09:23,-14.3167,-67.3833,95.16,52,20,16.11
93,Kruisfontein,ZA,2022-09-19 18:09:26,-34.0033,24.7314,52.18,73,97,9.42
94,Apiai,BR,2022-09-19 18:09:26,-24.5094,-48.8425,71.1,49,100,4.09
95,Aklavik,CA,2022-09-19 18:09:27,68.2191,-135.0107,47.89,62,40,2.55
96,Sitka,US,2022-09-19 18:09:28,57.0531,-135.33,56.14,70,34,4.32
97,Fort Nelson,CA,2022-09-19 18:09:29,58.8053,-122.7002,52.3,60,49,4.38
98,Chuy,UY,2022-09-19 18:09:30,-33.6971,-53.4616,66.88,70,100,3.58
99,Hasaki,JP,2022-09-19 18:09:30,35.7333,140.8333,81.28,86,93,34.49
100,Paramirim,BR,2022-09-19 18:09:31,-13.4425,-42.2389,88.34,32,58,7.47
101,Kangaatsiaq,GL,2022-09-19 18:09:31,68.3065,-53.4641,39.34,85,21,6.46
102,Vredendal,ZA,2022-09-19 18:09:32,-31.6683,18.5012,54.63,77,1,19.08
103,Yakovlevka,RU,2022-09-19 18:09:32,44.425,133.4772,39.43,53,30,10.25
104,Longyearbyen,SJ,2022-09-19 18:09:32,78.2186,15.6401,28.24,69,75,8.05
105,Tromso,NO,2022-09-19 18:04:41,69.6496,18.957,41.02,75,40,10.36
106,Knin,HR,2022-09-19 18:09:33,44.0439,16.2,60.13,87,41,7.58
107,Kovdor,RU,2022-09-19 18:09:34,67.5662,30.4758,44.02,97,100,9.93
108,Bethel,US,2022-09-19 18:07:58,41.3712,-73.414,84.85,56,40,11.5
109,Batagay,RU,2022-09-19 18:09:34,67.6333,134.6333,20.08,96,42,0.74
110,Ponta Do Sol,PT,2022-09-19 18:09:35,32.6667,-17.1,76.01,83,59,2.44
111,Onega,RU,2022-09-19 18:09:35,63.9061,38.1404,51.03,92,100,15.93
112,Rundu,NA,2022-09-19 18:09:36,-17.9333,19.7667,77.47,16,1,4.61
113,Nikolskoye,RU,2022-09-19 18:09:36,59.7035,30.7861,49.91,91,100,15.7
114,Tuatapere,NZ,2022-09-19 18:09:36,-46.1333,167.6833,46.65,91,97,5.32
115,Waipawa,NZ,2022-09-19 18:05:53,-41.4122,175.5153,52.34,89,71,6.49
116,Kuala Lipis,MY,2022-09-19 18:09:37,4.1842,102.0468,71.67,98,100,1.05
117,Lorengau,PG,2022-09-19 18:09:38,-2.0226,147.2712,80.71,81,55,7.78
118,Havre-Saint-Pierre,CA,2022-09-19 18:09:38,50.2334,-63.5986,54.5,47,73,6.93
119,Adamas,GR,2022-09-19 18:09:39,36.7333,24.4333,73.92,61,6,1.45
120,Awbari,LY,2022-09-19 18:09:39,26.5921,12.7805,91.08,11,0,6.51
121,Tasiilaq,GL,2022-09-19 18:09:40,65.6145,-37.6368,42.96,96,100,0.31
122,Seoul,KR,2022-09-19 18:09:40,37.5683,126.9778,65.64,60,0,1.41
123,Felanitx,ES,2022-09-19 18:09:40,39.4696,3.1483,77.52,49,0,8.55
124,Chunskiy,RU,2022-09-19 18:09:41,56.0815,99.6342,46.83,90,100,11.36
125,Zhuanghe,CN,2022-09-19 18:09:41,39.7008,122.9911,52.23,57,0,8.37
126,Margate,GB,2022-09-19 18:09:42,51.3813,1.3862,60.69,64,54,4.0
127,Sosua,DO,2022-09-19 18:09:43,19.7667,-70.5167,75.18,100,100,25.32
128,Cabiraoan,PH,2022-09-19 18:09:43,18.3238,122.086,76.48,89,100,2.48
129,Muros,ES,2022-09-19 18:09:44,42.7762,-9.0603,73.17,67,3,1.43
130,Davila,PH,2022-09-19 18:09:44,18.4726,120.5763,76.98,80,100,7.47
131,Nemuro,JP,2022-09-19 18:09:45,43.3236,145.575,68.59,96,100,29.75
132,Tineo,ES,2022-09-19 18:09:45,43.3376,-6.4145,61.23,73,10,4.18
133,Geraldton,AU,2022-09-19 18:09:46,-28.7667,114.6,55.81,76,100,3.44
134,Chokurdakh,RU,2022-09-19 18:09:46,70.6333,147.9167,33.73,66,100,14.81
135,La Union,PE,2022-09-19 18:09:47,-5.4,-80.75,81.81,48,63,7.94
136,Georgetown,MY,2022-09-19 18:09:26,5.4112,100.3354,82.89,83,20,0.0
137,Bluff,NZ,2022-09-19 18:09:47,-46.6,168.3333,46.8,85,97,7.74
138,Tautira,PF,2022-09-19 18:09:48,-17.7333,-149.15,77.2,76,19,19.3
139,Victoria,HK,2022-09-19 18:05:03,22.2855,114.1577,86.38,81,48,5.01
140,Mercedes,AR,2022-09-19 18:08:34,-34.6515,-59.4307,69.85,45,92,11.79
141,Henties Bay,NA,2022-09-19 18:09:49,-22.116,14.2845,55.09,81,0,14.47
142,Mount Isa,AU,2022-09-19 18:09:51,-20.7333,139.5,71.37,53,47,0.0
143,Airai,TL,2022-09-19 18:09:52,-8.9266,125.4092,60.84,91,98,1.97
144,Saint-Philippe,RE,2022-09-19 18:09:52,-21.3585,55.7679,69.39,80,31,12.21
145,Sioux Lookout,CA,2022-09-19 18:09:53,50.1001,-91.917,69.17,46,84,4.61
146,Guerrero Negro,MX,2022-09-19 18:09:53,27.9769,-114.0611,72.84,67,88,15.79
147,Thompson,CA,2022-09-19 18:06:37,55.7435,-97.8558,64.67,46,29,8.39
148,Palmerston,AU,2022-09-19 18:09:54,-12.486,130.9833,80.58,83,40,5.75
149,Saint George,US,2022-09-19 18:09:54,37.1041,-113.5841,85.42,21,0,5.75
150,Husavik,IS,2022-09-19 18:09:54,66.0449,-17.3389,57.34,77,93,9.35
151,Tiksi,RU,2022-09-19 18:09:55,71.6872,128.8694,34.09,98,100,22.55
152,Maceio,BR,2022-09-19 18:09:55,-9.6658,-35.7353,83.64,51,0,11.5
153,Dinguiraye,GN,2022-09-19 18:09:56,11.3,-10.7167,76.73,86,92,0.47
154,Atuona,PF,2022-09-19 18:05:49,-9.8,-139.0333,75.85,80,32,20.76
155,Quelimane,MZ,2022-09-19 18:09:57,-17.8786,36.8883,76.35,77,0,11.77
156,Wadi Musa,JO,2022-09-19 18:09:57,30.3222,35.4793,66.9,68,0,6.73
157,Abaza,RU,2022-09-19 18:09:57,52.655,90.0928,46.85,79,56,5.1
158,Mar Del Plata,AR,2022-09-19 18:09:58,-38.0023,-57.5575,57.09,97,100,10.36
159,Pafos,CY,2022-09-19 18:09:58,34.7667,32.4167,80.38,69,20,8.05
160,Ribeira Grande,PT,2022-09-19 18:09:59,38.5167,-28.7,79.2,83,40,14.97
161,Taseyevo,RU,2022-09-19 18:09:59,57.2169,94.8978,50.25,87,100,11.45
162,Palafrugell,ES,2022-09-19 18:09:30,41.9174,3.1631,72.9,55,40,3.0
163,College,US,2022-09-19 18:10:00,64.8569,-147.8028,49.8,73,75,3.44
164,Rovaniemi,FI,2022-09-19 18:10:00,66.5,25.7167,45.81,81,100,14.97
165,Sambava,MG,2022-09-19 18:10:01,-14.2667,50.1667,69.98,88,9,11.59
166,Banda Aceh,ID,2022-09-19 18:10:01,5.5577,95.3222,79.34,79,98,11.01
167,Grindavik,IS,2022-09-19 18:10:02,63.8424,-22.4338,54.07,100,75,18.41
168,Oyem,GA,2022-09-19 18:10:02,1.5995,11.5793,68.07,96,92,2.68
169,Cidreira,BR,2022-09-19 18:10:03,-30.1811,-50.2056,59.29,90,100,9.35
170,Camargo,MX,2022-09-19 18:10:03,27.6667,-105.1667,82.71,46,20,8.23
171,Baykit,RU,2022-09-19 18:10:05,61.67,96.37,45.07,97,100,4.21
172,Port Blair,IN,2022-09-19 18:10:06,11.6667,92.75,81.46,80,100,14.14
173,San Patricio,US,2022-09-19 18:10:06,28.017,-97.5169,92.07,50,20,9.53
174,Abay,KZ,2022-09-19 18:10:07,49.6311,72.8539,39.58,30,0,9.69
175,Tiznit,MA,2022-09-19 18:10:07,29.5833,-9.5,71.37,64,0,7.72
176,Saint-Francois,FR,2022-09-19 18:10:08,46.4154,3.9054,60.24,48,0,8.05
177,Fairbanks,US,2022-09-19 18:10:08,64.8378,-147.7164,49.82,74,75,3.44
178,Dikson,RU,2022-09-19 18:10:09,73.5069,80.5464,34.66,63,99,8.68
179,Sindou,BF,2022-09-19 18:10:09,10.6667,-5.1667,74.82,89,92,1.74
180,Yambio,SS,2022-09-19 18:10:09,4.5721,28.3955,69.53,93,77,3.47
181,Knysna,ZA,2022-09-19 18:10:10,-34.0363,23.0471,52.83,75,40,3.71
182,Upernavik,GL,2022-09-19 18:10:10,72.7868,-56.1549,32.32,92,100,5.61
183,Banapur,IN,2022-09-19 18:10:11,19.7833,85.1833,79.43,89,100,4.88
184,Goure,NE,2022-09-19 18:10:11,13.9835,10.2704,89.69,41,42,10.07
185,Gornyy,RU,2022-09-19 18:10:11,55.1153,83.9059,55.06,43,100,7.43
186,Kodiak,US,2022-09-19 18:10:12,57.79,-152.4072,54.91,88,75,11.5
187,Linhares,BR,2022-09-19 18:10:12,-19.3911,-40.0722,78.31,47,35,10.25
188,Rawson,AR,2022-09-19 18:10:13,-43.3002,-65.1023,40.3,95,100,30.09
189,Asau,RO,2022-09-19 18:10:13,46.4333,26.4,52.72,88,97,6.38
190,Lagoa,PT,2022-09-19 18:10:16,39.05,-27.9833,74.46,84,5,10.31
191,Sorland,NO,2022-09-19 18:10:16,67.667,12.6934,48.06,70,99,24.45
192,Norman Wells,CA,2022-09-19 18:10:17,65.282,-126.8329,53.65,51,44,4.47
193,Ostrovnoy,RU,2022-09-19 18:10:17,68.0531,39.5131,48.52,96,92,8.01
194,Taonan,CN,2022-09-19 18:10:17,45.3333,122.7833,41.68,23,0,8.34
195,Atbasar,KZ,2022-09-19 18:10:18,51.8,68.3333,58.59,26,0,4.56
196,Coquimbo,CL,2022-09-19 18:10:18,-29.9533,-71.3436,60.53,63,0,14.97
197,Sorong,ID,2022-09-19 18:10:19,-0.8833,131.25,77.68,85,43,4.18
198,Axim,GH,2022-09-19 18:10:19,4.8699,-2.2405,76.32,87,80,9.95
199,Rivadavia,AR,2022-09-19 18:10:20,-33.1905,-68.4608,55.56,40,85,4.5
200,Wakkanai,JP,2022-09-19 18:10:20,45.4094,141.6739,49.71,85,100,28.99
201,Dayong,CN,2022-09-19 18:10:20,25.0209,118.2898,77.11,85,86,2.1
202,Panama City,PA,2022-09-19 18:10:21,8.9936,-79.5197,80.29,90,40,8.05
203,Healesville,AU,2022-09-19 18:10:21,-37.65,145.5167,47.52,99,21,3.22
204,Port Elizabeth,ZA,2022-09-19 18:10:21,-33.918,25.5701,58.32,76,99,7.0
205,Bodden Town,KY,2022-09-19 18:10:22,19.2833,-81.25,86.99,79,20,1.14
206,Hulan,CN,2022-09-19 18:10:22,45.9833,126.6,36.3,34,0,8.48
207,Severo-Kurilsk,RU,2022-09-19 18:10:23,50.6789,156.125,54.21,97,100,22.24
208,Ilulissat,GL,2022-09-19 18:10:23,69.2167,-51.1,33.82,100,100,5.75
209,Pallasovka,RU,2022-09-19 18:10:24,50.05,46.8833,66.13,78,100,7.92
210,Sao Jose Da Coroa Grande,BR,2022-09-19 18:10:24,-8.8978,-35.1478,79.21,62,50,10.83
211,Cockburn Town,TC,2022-09-19 18:10:24,21.4612,-71.1419,81.12,76,79,25.59
212,Los Llanos De Aridane,ES,2022-09-19 18:10:25,28.6585,-17.9182,73.15,90,20,4.61
213,Esperance,AU,2022-09-19 18:10:25,-33.8667,121.9,54.45,74,74,21.27
214,Manicore,BR,2022-09-19 18:10:26,-5.8092,-61.3003,98.31,29,98,3.8
215,Yokadouma,CM,2022-09-19 18:10:26,3.5167,15.05,70.59,98,95,1.7
216,Beaumont,US,2022-09-19 18:10:11,30.0861,-94.1019,91.96,55,75,3.44
217,Pisco,PE,2022-09-19 18:10:27,-13.7,-76.2167,62.65,82,100,8.05
218,Soyo,AO,2022-09-19 18:10:27,-6.1349,12.3689,74.7,85,59,9.64
219,Ouango,CF,2022-09-19 18:10:28,4.3133,22.5552,74.82,90,94,2.08
220,Pangody,RU,2022-09-19 18:10:28,65.85,74.4859,40.24,92,41,8.1
221,Tessalit,ML,2022-09-19 18:10:29,20.1986,1.0114,99.1,18,86,19.22
222,Sistranda,NO,2022-09-19 18:10:29,63.7256,8.834,48.16,67,36,16.13
223,Bambous Virieux,MU,2022-09-19 18:10:29,-20.3428,57.7575,71.85,78,40,11.5
224,Alappuzha,IN,2022-09-19 18:10:30,9.49,76.3264,78.33,85,100,8.97
225,Bethalto,US,2022-09-19 18:10:30,38.9092,-90.0407,94.28,67,10,3.0
226,Tarko-Sale,RU,2022-09-19 18:10:31,64.9225,77.785,42.39,92,64,12.91
227,Tura,IN,2022-09-19 18:10:31,25.5198,90.2201,74.19,98,24,3.62
228,Bafq,IR,2022-09-19 18:10:32,31.6128,55.4107,85.55,15,19,4.88
229,Piacabucu,BR,2022-09-19 18:10:32,-10.4056,-36.4344,79.25,66,92,8.99
230,Bathsheba,BB,2022-09-19 18:10:33,13.2167,-59.5167,88.41,66,40,13.8
231,Aizawl,IN,2022-09-19 18:10:33,23.7333,92.7167,66.24,99,80,2.37
232,Aswan,EG,2022-09-19 18:10:34,24.0934,32.907,88.5,14,3,11.88
233,Mora,CM,2022-09-19 18:10:35,11.0461,14.1401,78.35,74,74,3.65
234,Dwarka,IN,2022-09-19 18:10:35,22.2394,68.9678,81.36,72,0,10.69
235,Danane,CI,2022-09-19 18:10:35,7.2596,-8.155,76.59,80,99,1.77
236,Torbay,CA,2022-09-19 18:10:38,47.6666,-52.7314,60.17,64,57,5.01
237,Longos,PH,2022-09-19 18:10:38,16.1066,120.3954,76.71,89,100,1.07
238,Palauig,PH,2022-09-19 18:10:39,15.435,119.9045,79.66,82,100,7.52
239,Namatanai,PG,2022-09-19 18:10:39,-3.6667,152.4333,77.99,82,99,7.4
240,Benjamin Constant,BR,2022-09-19 18:10:39,-4.3831,-70.0311,95.13,49,40,5.75
241,Okha,RU,2022-09-19 18:10:40,53.5739,142.9478,44.65,84,82,7.31
242,Deputatskiy,RU,2022-09-19 18:10:40,69.3,139.9,27.21,92,100,4.61
243,Bengkulu,ID,2022-09-19 18:10:41,-3.8004,102.2655,74.93,90,99,4.74
244,Hambantota,LK,2022-09-19 18:10:41,6.1241,81.1185,79.84,81,100,16.24
245,Cape Town,ZA,2022-09-19 18:10:41,-33.9258,18.4232,59.41,78,75,6.91
246,Srednekolymsk,RU,2022-09-19 18:10:42,67.45,153.6833,38.61,52,96,6.98
247,Makakilo City,US,2022-09-19 18:10:42,21.3469,-158.0858,79.12,67,0,11.5
248,Kendari,ID,2022-09-19 18:10:43,-3.945,122.4989,74.59,94,74,2.84
249,Yumen,CN,2022-09-19 18:10:43,40.2833,97.2,61.2,50,0,8.48
250,Tazovskiy,RU,2022-09-19 18:10:44,67.4667,78.7,31.66,81,60,14.25
251,San Cosme Y Damian,PY,2022-09-19 18:10:44,-27.3167,-56.35,69.98,92,100,4.97
252,Milkovo,RU,2022-09-19 18:10:45,54.7167,158.6167,42.04,84,100,1.03
253,Codrington,AU,2022-09-19 18:10:45,-38.2667,141.9667,42.64,90,1,8.93
254,Lloro,CO,2022-09-19 18:10:45,5.4961,-76.5495,87.87,55,100,3.02
255,Faranah,GN,2022-09-19 18:10:46,10.0404,-10.7434,74.48,93,96,5.75
256,Huambo,AO,2022-09-19 18:10:46,-12.7761,15.7392,76.1,21,49,1.03
257,Vostok,RU,2022-09-19 18:10:47,46.4856,135.8833,28.24,78,72,11.23
258,Kirovskiy,RU,2022-09-19 18:10:47,45.0917,133.5136,36.86,57,40,9.42
259,Souillac,MU,2022-09-19 18:10:48,-20.5167,57.5167,71.98,78,40,11.5
260,Bonga,ET,2022-09-19 18:10:48,7.2833,36.2333,60.84,97,97,3.42
261,Edeia,BR,2022-09-19 18:10:49,-17.3383,-49.9314,92.28,30,59,7.92
262,Lumberton,US,2022-09-19 18:08:50,34.6182,-79.0086,90.45,43,20,9.22
263,Hami,CN,2022-09-19 18:10:49,42.8,93.45,67.14,19,3,0.49
264,Grand-Santi,GF,2022-09-19 18:10:50,4.25,-54.3833,97.93,32,31,3.02
265,Mumford,GH,2022-09-19 18:10:50,5.2618,-0.759,74.5,92,100,11.65
266,Maniitsoq,GL,2022-09-19 18:10:51,65.4167,-52.9,42.67,87,100,4.05
267,Tolaga Bay,NZ,2022-09-19 18:10:51,-38.3667,178.3,55.9,94,93,12.77
268,Balangir,IN,2022-09-19 18:10:52,20.7167,83.4833,75.47,95,100,7.54
269,Darlowo,PL,2022-09-19 18:10:52,54.421,16.4107,55.35,74,37,9.78
270,Wanning,CN,2022-09-19 18:10:53,18.8003,110.3967,78.35,87,92,4.05
271,Colac,AU,2022-09-19 18:10:54,-38.3333,143.5833,46.17,94,13,4.25
272,Palmer,US,2022-09-19 18:06:51,42.1584,-72.3287,82.06,69,75,9.22
273,Black River,JM,2022-09-19 18:10:54,18.0264,-77.8487,86.85,65,10,6.6
274,Caravelas,BR,2022-09-19 18:10:55,-17.7125,-39.2481,74.62,58,78,7.83
275,Kasongo-Lunda,CD,2022-09-19 18:10:56,-6.4667,16.8167,80.42,64,52,3.33
276,Moriyama,JP,2022-09-19 18:07:01,35.0667,135.9833,73.15,89,100,18.75
277,Dubbo,AU,2022-09-19 18:10:57,-32.25,148.6167,39.33,93,0,9.22
278,Sinnamary,GF,2022-09-19 18:10:58,5.3833,-52.95,85.15,67,56,10.89
279,Mahebourg,MU,2022-09-19 18:10:58,-20.4081,57.7,71.89,78,40,11.5
280,Calmar,CA,2022-09-19 18:10:59,53.2668,-113.8187,50.59,87,100,13.8
281,Honningsvag,NO,2022-09-19 18:11:00,70.9821,25.9704,44.35,70,89,20.71
282,Bambari,CF,2022-09-19 18:07:09,5.768,20.6757,73.09,93,88,2.82
283,Okhotsk,RU,2022-09-19 18:11:03,59.3833,143.3,42.06,82,100,19.89
284,Sibu,MY,2022-09-19 18:11:03,2.3,111.8167,73.22,98,100,2.35
285,Kumba,CM,2022-09-19 18:11:04,4.6363,9.4469,70.75,98,100,0.78
286,Hofn,IS,2022-09-19 18:11:04,64.2539,-15.2082,51.82,93,100,6.91
287,Progreso,MX,2022-09-19 18:11:05,21.2833,-89.6667,90.1,65,4,12.19
288,Ajdabiya,LY,2022-09-19 18:11:05,30.7554,20.2263,79.16,70,0,8.7
289,Sretensk,RU,2022-09-19 18:11:06,52.2453,117.7093,35.19,74,87,2.01
290,Berdigestyakh,RU,2022-09-19 18:11:06,62.0989,126.6992,25.95,85,12,3.36
291,Tambopata,PE,2022-09-19 18:11:06,-12.7333,-69.1833,94.89,46,40,8.05
292,Omsukchan,RU,2022-09-19 18:11:07,62.5333,155.8,29.7,85,89,6.85
293,Grootfontein,NA,2022-09-19 18:11:08,-19.5667,18.1167,74.35,14,8,10.18
294,Haines Junction,CA,2022-09-19 18:11:08,60.7522,-137.5108,39.15,81,71,2.3
295,Astana,KZ,2022-09-19 18:11:09,51.1801,71.446,46.35,49,0,6.71
296,Lompoc,US,2022-09-19 18:10:14,34.6391,-120.4579,67.01,96,100,1.99
297,Sabang,ID,2022-09-19 18:11:10,5.8933,95.3214,82.44,74,99,17.36
298,Neiafu,TO,2022-09-19 18:11:10,-18.65,-173.9833,77.68,78,75,6.91
299,Sao Filipe,CV,2022-09-19 18:11:11,14.8961,-24.4956,78.78,74,99,10.47
300,Richards Bay,ZA,2022-09-19 18:11:12,-28.783,32.0377,66.29,87,100,15.08
301,Cayenne,GF,2022-09-19 18:11:12,4.9333,-52.3333,89.64,66,38,6.91
302,Halifax,CA,2022-09-19 18:09:29,44.6453,-63.5724,66.34,50,42,5.99
303,Coihaique,CL,2022-09-19 18:11:16,-45.5752,-72.0662,42.75,75,100,4.61
304,Taltal,CL,2022-09-19 18:11:17,-25.4,-70.4833,61.29,64,0,7.11
305,Utica,US,2022-09-19 18:11:17,43.1009,-75.2327,72.7,96,91,1.01
306,Pitimbu,BR,2022-09-19 18:11:17,-7.4706,-34.8086,84.79,59,43,15.5
307,Yuci,CN,2022-09-19 18:11:18,37.6803,112.7319,53.35,82,40,4.47
308,Paamiut,GL,2022-09-19 18:11:19,61.994,-49.6678,42.44,86,22,9.62
309,Port Lincoln,AU,2022-09-19 18:09:42,-34.7333,135.8667,60.76,61,51,22.06
310,Upata,VE,2022-09-19 18:11:19,8.0086,-62.3989,88.2,50,19,6.31
311,Tezu,IN,2022-09-19 18:11:20,27.9167,96.1667,75.45,98,76,4.34
312,Salta,AR,2022-09-19 18:11:20,-24.7859,-65.4117,73.99,40,20,12.66
313,Eenhana,NA,2022-09-19 18:11:21,-17.4667,16.3333,75.22,15,0,3.44
314,Laguna,US,2022-09-19 18:11:22,38.421,-121.4238,72.09,83,100,10.36
315,Huicheng,CN,2022-09-19 18:11:22,23.0385,116.2899,77.38,90,57,7.16
316,Riyadh,SA,2022-09-19 18:07:02,24.6877,46.7219,93.34,11,0,10.2
317,Porto Walter,BR,2022-09-19 18:11:23,-8.2686,-72.7439,99.48,28,76,4.21
318,Itoman,JP,2022-09-19 18:11:24,26.1247,127.6694,80.62,78,75,13.8
319,Sept-Iles,CA,2022-09-19 18:10:53,50.2001,-66.3821,51.8,64,0,6.91
320,Rantepao,ID,2022-09-19 18:11:25,-2.9701,119.8978,67.37,97,98,1.7
321,Moron,AR,2022-09-19 18:11:25,-34.6534,-58.6198,71.02,56,100,9.04
322,Narsaq,GL,2022-09-19 18:11:26,60.9167,-46.05,53.82,86,92,9.91
323,Agadir,MA,2022-09-19 18:08:17,30.4202,-9.5982,75.65,69,13,9.48
324,Petropavlovsk-Kamchatskiy,RU,2022-09-19 18:11:27,53.0452,158.6483,50.59,100,100,11.18
325,Oistins,BB,2022-09-19 18:11:27,13.0667,-59.5333,87.89,66,40,13.8
326,Iwanai,JP,2022-09-19 18:11:28,42.9744,140.5089,55.2,96,100,5.26
327,Sarkand,KZ,2022-09-19 18:08:52,45.41,79.9186,63.81,38,25,5.91
328,Emba,KZ,2022-09-19 18:11:31,48.8264,58.1442,67.46,17,0,8.5
329,Esna,EG,2022-09-19 18:11:31,25.2934,32.554,86.02,18,0,10.02
330,Iqaluit,CA,2022-09-19 18:11:32,63.7506,-68.5145,47.7,66,75,9.22
331,Nelson Bay,AU,2022-09-19 18:11:32,-32.7167,152.15,57.99,94,1,4.0
332,Daru,PG,2022-09-19 18:11:32,-9.0763,143.2092,79.5,85,69,16.8
333,Pictou,CA,2022-09-19 18:11:33,45.6834,-62.7153,62.04,55,17,13.8
334,Port-Cartier,CA,2022-09-19 18:11:33,50.0334,-66.8654,51.91,44,0,7.52
335,Christchurch,NZ,2022-09-19 18:11:34,-43.5333,172.6333,54.48,73,100,3.44
336,Khandyga,RU,2022-09-19 18:11:36,62.6667,135.6,28.22,98,100,3.06
337,Touros,BR,2022-09-19 18:11:36,-5.1989,-35.4608,81.91,62,46,17.98
338,Teknaf,BD,2022-09-19 18:11:37,20.8624,92.3058,78.85,90,60,12.93
339,Nanortalik,GL,2022-09-19 18:11:37,60.1432,-45.2371,44.02,95,100,11.23
340,Kununurra,AU,2022-09-19 18:11:38,-15.7667,128.7333,75.18,78,29,4.61
341,Gurlan,UZ,2022-09-19 18:11:38,41.8447,60.3919,62.67,19,0,10.47
342,Gumdag,TM,2022-09-19 18:11:39,39.2061,54.5906,80.4,17,0,13.87
343,Thinadhoo,MV,2022-09-19 18:11:39,0.5333,72.9333,82.96,71,84,6.55
344,Muana,BR,2022-09-19 18:11:39,-1.5283,-49.2167,95.58,39,100,2.89
345,Cleburne,US,2022-09-19 18:11:40,32.3476,-97.3867,93.43,52,0,6.91
346,Port-Gentil,GA,2022-09-19 18:11:41,-0.7193,8.7815,78.76,83,40,12.66
347,Port Augusta,AU,2022-09-19 18:11:41,-32.5,137.7667,56.84,47,0,9.4
348,Boende,CD,2022-09-19 18:11:42,-0.2167,20.8667,75.0,88,93,2.66
349,Benguela,AO,2022-09-19 18:11:42,-12.5763,13.4055,70.36,82,34,8.03
350,Tisovec,SK,2022-09-19 18:11:43,48.6774,19.9436,44.47,90,50,5.23
351,Alofi,NU,2022-09-19 18:11:43,-19.0595,-169.9187,73.29,88,40,6.91
352,Llangefni,GB,2022-09-19 18:11:44,53.2556,-4.3106,60.73,72,75,5.75
353,Fortuna,US,2022-09-19 18:11:44,40.5982,-124.1573,69.35,76,52,3.22
354,Kalmunai,LK,2022-09-19 18:11:44,7.4167,81.8167,81.81,73,100,3.09
355,Moradabad,IN,2022-09-19 18:11:45,28.8333,78.7833,80.58,77,5,5.61
356,Dawlatabad,AF,2022-09-19 18:11:45,36.4141,64.9053,74.73,22,0,1.81
357,Calama,CL,2022-09-19 18:10:11,-22.4667,-68.9333,70.29,11,0,23.02
358,Tours,FR,2022-09-19 18:11:46,47.4167,0.6667,64.45,47,0,8.05
359,Liege,BE,2022-09-19 18:11:47,50.6337,5.5675,57.38,67,20,8.05
360,Chimbote,PE,2022-09-19 18:11:47,-9.0853,-78.5783,68.49,72,42,12.73
361,Portree,GB,2022-09-19 18:11:48,57.4129,-6.1942,57.52,92,100,7.23
362,Vao,NC,2022-09-19 18:11:48,-22.6667,167.4833,73.33,82,42,14.45
363,Loandjili,CG,2022-09-19 18:11:49,-4.7561,11.8578,75.81,87,84,9.04
364,Samarkand,UZ,2022-09-19 18:11:49,39.6542,66.9597,72.82,35,1,11.5
365,Iracoubo,GF,2022-09-19 18:11:50,5.4802,-53.2011,86.2,65,65,11.03
366,Dhanera,IN,2022-09-19 18:09:34,24.5167,72.0167,80.47,59,8,5.57
367,Labuhan,ID,2022-09-19 18:11:50,-6.8844,112.2051,78.06,76,89,13.06
368,Dryden,CA,2022-09-19 18:11:51,49.7833,-92.7503,66.49,63,0,6.91
369,Beringovskiy,RU,2022-09-19 18:11:51,63.05,179.3167,36.64,81,98,11.39
370,Cabedelo,BR,2022-09-19 18:11:52,-6.9811,-34.8339,84.87,61,41,15.93
371,Ossora,RU,2022-09-19 18:11:52,59.2353,163.0719,42.94,77,26,7.56
372,Tateyama,JP,2022-09-19 18:11:54,34.9833,139.8667,83.1,85,97,32.7
373,Natal,BR,2022-09-19 18:10:10,-5.795,-35.2094,84.85,48,20,13.8
374,Taksimo,RU,2022-09-19 18:11:56,56.3444,114.8794,33.39,80,61,3.11
375,Katherine,AU,2022-09-19 18:11:56,-14.4667,132.2667,80.92,61,64,0.0
376,Mersing,MY,2022-09-19 18:11:57,2.4312,103.8405,76.8,88,99,6.67
377,Erzin,TR,2022-09-19 18:11:58,36.9559,36.2,73.8,80,0,3.56
378,Jinchang,CN,2022-09-19 18:11:58,38.4953,102.1739,53.13,77,37,5.21
379,Galveston,US,2022-09-19 18:11:59,29.3669,-94.9669,94.08,76,20,10.36
380,Platanos,GR,2022-09-19 18:11:59,37.6667,21.6167,71.08,57,13,4.9
381,Broome,US,2022-09-19 18:11:59,42.2506,-75.833,74.17,84,100,12.66
382,Goderich,CA,2022-09-19 18:11:03,43.7501,-81.7165,70.12,68,14,14.97
383,Port Hardy,CA,2022-09-19 18:12:00,50.6996,-127.4199,51.8,78,43,2.84
384,Gramsh,AL,2022-09-19 18:12:01,40.8697,20.1844,62.06,52,0,1.99
385,Areia Branca,BR,2022-09-19 18:09:35,-4.9561,-37.1369,84.42,60,36,19.24
386,Bumba,CD,2022-09-19 18:12:01,2.1833,22.4667,78.84,70,89,1.97
387,Cedar City,US,2022-09-19 18:12:02,37.6775,-113.0619,74.37,17,0,21.85
388,Dana Point,US,2022-09-19 18:10:38,33.467,-117.6981,79.54,68,22,5.99
389,Timra,SE,2022-09-19 18:12:03,62.487,17.3257,51.67,76,100,6.91
390,Camana,PE,2022-09-19 18:12:03,-16.6228,-72.7111,63.66,75,47,10.38
391,Hamilton,US,2022-09-19 18:10:53,39.1834,-84.5333,83.95,66,100,13.8
392,Inhambane,MZ,2022-09-19 18:12:04,-23.865,35.3833,73.89,89,1,17.9
393,Kemijarvi,FI,2022-09-19 18:12:05,66.7131,27.4306,43.57,92,100,13.38
394,Lubbock,US,2022-09-19 18:12:05,33.6001,-101.8338,85.37,54,75,13.8
395,Saldanha,ZA,2022-09-19 18:12:05,-33.0117,17.9442,56.32,87,2,12.64
396,Shingu,JP,2022-09-19 18:12:06,33.7333,135.9833,71.4,84,100,10.49
397,Puerto Escondido,MX,2022-09-19 18:12:06,15.85,-97.0667,83.23,57,75,2.3
398,Camacha,PT,2022-09-19 18:12:07,33.0833,-16.3333,72.82,64,20,8.05
399,Maneadero,MX,2022-09-19 18:12:08,31.7167,-116.5667,74.1,69,0,1.01
400,Clarksburg,US,2022-09-19 18:12:08,39.2807,-80.3445,73.51,78,100,10.36
401,Yar-Sale,RU,2022-09-19 18:12:09,66.8333,70.8333,37.65,92,76,7.27
402,Ardakan,IR,2022-09-19 18:12:09,32.31,54.0175,85.23,15,24,2.57
403,Jabinyanah,TN,2022-09-19 18:12:10,35.035,10.9081,80.4,79,75,13.2
404,Taoudenni,ML,2022-09-19 18:12:10,22.6783,-3.9836,104.2,12,7,8.55
405,New Ross,IE,2022-09-19 18:12:10,52.3967,-6.9367,62.1,21,63,5.95
406,Luau,AO,2022-09-19 18:12:11,-10.7073,22.2247,73.96,51,99,1.03
407,Mucuri,BR,2022-09-19 18:09:05,-18.0864,-39.5508,73.92,61,50,8.03
408,Mayumba,GA,2022-09-19 18:12:12,-3.432,10.6554,75.47,89,84,7.94
409,Havelock,US,2022-09-19 18:12:12,34.8791,-76.9013,88.99,74,14,7.23
410,Meulaboh,ID,2022-09-19 18:12:13,4.1363,96.1285,75.97,90,88,3.85
411,Alyangula,AU,2022-09-19 18:12:13,-13.8483,136.4192,77.58,86,93,6.24
412,Antalaha,MG,2022-09-19 18:12:14,-14.9003,50.2788,68.36,86,5,7.7
413,Burnie,AU,2022-09-19 18:12:14,-41.0667,145.9167,44.92,74,50,4.36
414,Ust-Omchug,RU,2022-09-19 18:12:15,61.15,149.6333,36.95,59,100,9.48
415,San Antonio,US,2022-09-19 18:08:15,29.4241,-98.4936,94.39,52,40,6.91
416,Nongstoin,IN,2022-09-19 18:12:15,25.5167,91.2667,66.18,98,63,3.06
417,Port Shepstone,ZA,2022-09-19 18:09:44,-30.7414,30.455,60.66,89,100,24.63
418,Lata,PT,2022-09-19 18:12:18,40.1629,-8.3327,79.92,71,98,3.98
419,Marsa Matruh,EG,2022-09-19 18:12:19,31.3525,27.2453,77.5,63,0,14.92
420,Olonets,RU,2022-09-19 18:12:19,60.9847,32.9698,50.22,94,100,14.43
421,Harper,LR,2022-09-19 18:09:20,4.375,-7.7169,77.61,80,67,11.56
422,Yertsevo,RU,2022-09-19 18:12:21,60.7966,40.086,47.41,87,75,8.3
423,Salamiyah,SY,2022-09-19 18:10:14,35.0113,37.0532,75.15,66,0,10.04
424,Simao,CN,2022-09-19 18:12:22,22.7886,100.9748,70.77,75,95,1.63
425,Salalah,OM,2022-09-19 18:12:22,17.0151,54.0924,80.69,89,75,6.91
426,Aden,YE,2022-09-19 18:08:44,12.7794,45.0367,88.66,72,75,7.16
427,Mananum,PH,2022-09-19 18:12:23,8.8333,124.95,61.12,87,100,4.25
428,Mount Gambier,AU,2022-09-19 18:12:24,-37.8333,140.7667,43.07,90,1,7.29
429,La Ronge,CA,2022-09-19 18:08:12,55.1001,-105.2842,59.67,61,99,1.72
430,Homer,US,2022-09-19 18:12:25,59.6425,-151.5483,55.8,82,100,8.01
431,Grevenbroich,DE,2022-09-19 18:12:26,51.091,6.5827,57.54,78,0,13.8
432,Westport,US,2022-09-19 18:12:27,41.1415,-73.3579,86.45,55,0,6.91
433,Kamarai,GR,2022-09-19 18:12:28,38.3,22.0,73.62,36,19,1.99
434,Dalian,CN,2022-09-19 18:12:28,38.9122,121.6022,66.61,51,0,2.24
435,Albertville,US,2022-09-19 18:12:04,34.2676,-86.2089,83.8,51,0,8.05
436,Bac Lieu,VN,2022-09-19 18:12:29,9.285,105.7244,79.05,85,86,8.95
437,Seydisehir,TR,2022-09-19 18:12:29,37.4193,31.8453,62.46,59,0,2.06
438,San Luis,AR,2022-09-19 18:12:31,-33.295,-66.3356,55.87,41,72,14.05
439,Satara,IN,2022-09-19 18:12:31,17.6833,73.9833,66.18,96,92,4.14
440,Wilmington,US,2022-09-19 18:12:32,34.2257,-77.9447,87.71,60,75,7.0
441,Lalibela,ET,2022-09-19 18:12:32,12.0333,39.0333,61.52,71,85,6.38
442,Phan Thiet,VN,2022-09-19 18:12:32,10.9333,108.1,77.5,84,89,9.28
443,Kovrov,RU,2022-09-19 18:12:33,56.3572,41.3192,52.97,68,80,22.64
444,San Isidro,PE,2022-09-19 18:12:33,-12.1167,-77.05,62.19,72,100,8.05
445,Sulangan,PH,2022-09-19 18:12:34,11.1373,123.7228,83.71,73,100,7.63
446,Kuala Terengganu,MY,2022-09-19 18:12:34,5.3302,103.1408,77.95,85,97,3.89
447,Hovd,MN,2022-09-19 18:12:35,48.0056,91.6419,45.16,43,0,2.1
448,Nouadhibou,MR,2022-09-19 18:12:36,20.931,-17.0347,75.18,73,3,19.57
449,Krasnokamensk,RU,2022-09-19 18:12:37,50.0979,118.0369,43.68,42,98,5.75
450,Tecoanapa,MX,2022-09-19 18:12:37,16.5167,-98.75,81.99,76,100,5.77
451,Liverpool,GB,2022-09-19 18:08:13,53.4106,-2.9779,61.61,75,20,9.22
452,Flinders,AU,2022-09-19 18:12:38,-34.5833,150.8552,49.05,75,0,3.0
453,Atambua,ID,2022-09-19 18:12:38,-9.1061,124.8925,73.47,85,93,2.95
454,Benghazi,LY,2022-09-19 18:12:39,32.1167,20.0667,79.25,63,0,12.8
455,Pucallpa,PE,2022-09-19 18:12:17,-8.3791,-74.5539,95.04,43,40,9.22
456,Sao Joao Da Barra,BR,2022-09-19 18:11:05,-21.6403,-41.0511,77.09,63,0,11.77
457,Berlevag,NO,2022-09-19 18:12:39,70.8578,29.0864,44.6,87,75,21.85
458,Mandera,KE,2022-09-19 18:12:40,3.9366,41.867,86.32,41,66,14.7
459,Dauriya,RU,2022-09-19 18:12:40,49.9333,116.8667,43.39,45,100,3.58
460,Saint-Denis,FR,2022-09-19 18:12:41,48.9167,2.3333,63.14,53,0,8.05
461,Surt,LY,2022-09-19 18:12:41,31.2089,16.5887,82.04,72,0,15.21
462,Morondava,MG,2022-09-19 18:12:42,-20.2833,44.2833,75.25,80,0,10.2
463,Mbala,ZM,2022-09-19 18:12:42,-8.8402,31.3659,70.5,42,52,2.37
464,Gobabis,NA,2022-09-19 18:12:44,-22.45,18.9667,55.36,15,0,14.83
465,Ornskoldsvik,SE,2022-09-19 18:12:45,63.2909,18.7153,49.15,81,100,11.5
466,Dhidhdhoo,MV,2022-09-19 18:12:45,6.8833,73.1,81.63,77,100,11.65
467,Bubaque,GW,2022-09-19 18:12:46,11.2833,-15.8333,81.16,74,82,13.35
468,Vila Velha,BR,2022-09-19 18:12:46,-20.3297,-40.2925,75.15,78,20,11.5
469,Poum,NC,2022-09-19 18:12:46,-20.2333,164.0167,74.75,76,4,12.39
470,Constitucion,CL,2022-09-19 18:12:47,-35.3333,-72.4167,54.57,54,98,15.93
471,Vitina,BA,2022-09-19 18:12:47,43.2375,17.4839,56.77,69,87,5.53
472,Outlook,CA,2022-09-19 18:12:48,51.5001,-107.0513,56.23,81,100,9.35
473,Westerland,DE,2022-09-19 18:12:48,54.9079,8.3033,55.42,71,20,12.66
474,Jemnice,CZ,2022-09-19 18:12:48,49.019,15.5699,48.22,88,74,15.79
475,Ayagoz,KZ,2022-09-19 18:12:49,47.9714,80.4392,53.64,33,0,11.68
476,Barcelos,PT,2022-09-19 18:12:49,41.5388,-8.6151,80.92,67,55,2.46
477,San Policarpo,PH,2022-09-19 18:12:50,12.1791,125.5072,78.67,87,100,5.73
478,Dangriga,BZ,2022-09-19 18:12:50,16.9692,-88.2321,83.53,80,90,7.99
479,Zhigansk,RU,2022-09-19 18:12:51,66.7697,123.3711,28.13,82,82,2.89
480,Bhadrachalam,IN,2022-09-19 18:12:51,17.6667,80.8833,73.53,96,100,9.6
481,Kargil,IN,2022-09-19 18:12:51,34.5667,76.1,56.12,33,0,6.58
482,Sobolevo,RU,2022-09-19 18:12:52,54.4299,31.8996,49.71,89,100,17.49
483,Samsun,TR,2022-09-19 18:12:52,41.25,36.3333,66.99,92,75,3.44
484,Bonthe,SL,2022-09-19 18:12:53,7.5264,-12.505,78.06,82,79,9.46
485,Saint-Pierre,RE,2022-09-19 18:12:53,-21.3393,55.4781,69.48,73,0,9.22
486,Tipperary,IE,2022-09-19 18:12:54,52.4733,-8.1558,60.06,76,80,3.94
487,Vanimo,PG,2022-09-19 18:12:54,-2.6741,141.3028,77.29,88,49,4.14
488,Santa Fe,AR,2022-09-19 18:10:59,-31.6333,-60.7,60.03,55,96,12.28
489,Kahului,US,2022-09-19 18:09:54,20.8947,-156.47,82.42,65,20,16.11
490,Kaseda,JP,2022-09-19 18:12:55,31.4167,130.3167,70.79,72,71,14.81
491,Pappinisseri,IN,2022-09-19 18:12:55,11.95,75.35,75.79,89,100,3.87
492,Kavaratti,IN,2022-09-19 18:12:56,10.5669,72.642,81.39,77,95,14.5
493,Vila Franca Do Campo,PT,2022-09-19 18:12:56,37.7167,-25.4333,77.41,78,21,4.83
494,Wiwili,NI,2022-09-19 18:12:57,13.6268,-85.8254,84.72,70,70,1.23
495,Aginskoye,RU,2022-09-19 18:12:12,51.1,114.53,39.56,71,79,5.23
496,Forest,US,2022-09-19 18:12:57,37.3638,-79.2897,84.97,51,0,6.91
497,Mlonggo,ID,2022-09-19 18:12:58,-6.5333,110.7,77.74,74,70,10.78
498,Rocha,UY,2022-09-19 18:11:26,-34.4833,-54.3333,67.8,63,100,3.27
499,La Trinidad,PH,2022-09-19 18:12:58,16.455,120.5875,62.37,91,100,1.92
500,La Asuncion,VE,2022-09-19 18:12:59,11.0333,-63.8628,86.05,66,19,7.45
501,Ketchikan,US,2022-09-19 18:10:59,55.3422,-131.6461,57.67,72,0,12.66
502,Kropotkin,RU,2022-09-19 18:13:00,45.4375,40.5756,64.76,61,85,2.33
503,Hervey Bay,AU,2022-09-19 18:09:49,-25.2986,152.8535,68.02,93,1,11.01
504,Nueva Guinea,NI,2022-09-19 18:13:00,11.6876,-84.4562,83.23,73,81,4.29
505,Chissamba,AO,2022-09-19 18:13:01,-12.1667,17.3333,72.57,43,92,4.43
506,Jalakandapuram,IN,2022-09-19 18:13:01,11.6978,77.873,77.22,78,100,1.86
507,Athabasca,CA,2022-09-19 18:10:01,54.7169,-113.2854,47.62,84,99,13.11
508,Te Anau,NZ,2022-09-19 18:08:41,-45.4167,167.7167,47.37,94,93,2.46
509,Bilibino,RU,2022-09-19 18:13:02,68.0546,166.4372,23.65,89,19,2.42
510,Urumqi,CN,2022-09-19 18:10:02,43.801,87.6005,61.75,27,0,4.47
511,Byron Bay,AU,2022-09-19 18:13:03,-28.65,153.6167,52.72,64,0,9.91
512,Malakal,SS,2022-09-19 18:13:04,9.5334,31.6605,75.27,90,56,2.66
513,Rio Gallegos,AR,2022-09-19 18:13:06,-51.6226,-69.2181,48.4,38,13,17.81
514,Chara,RU,2022-09-19 18:13:07,56.9064,118.2631,33.28,71,30,4.05
515,Canico,PT,2022-09-19 18:13:08,32.6333,-16.85,76.01,80,75,6.91
516,Kieta,PG,2022-09-19 18:13:08,-6.2167,155.6333,77.94,83,100,3.8
517,Lazaro Cardenas,MX,2022-09-19 18:13:09,17.9583,-102.2,76.5,92,100,0.4
518,Jati,PK,2022-09-19 18:13:09,24.3539,68.2671,82.62,66,0,11.27
519,Belyy Yar,RU,2022-09-19 18:13:10,53.6039,91.3903,43.86,72,0,0.0
520,Sivaki,RU,2022-09-19 18:12:15,52.6333,126.75,31.51,55,1,14.34
521,Shanghai,CN,2022-09-19 18:13:10,31.2222,121.4581,71.92,70,0,8.95
522,Tabou,CI,2022-09-19 18:13:11,4.423,-7.3528,77.43,82,74,10.96
523,Shitanjing,CN,2022-09-19 18:13:11,39.2342,106.3439,50.2,82,1,1.54
524,Road Town,VG,2022-09-19 18:13:12,18.4167,-64.6167,84.29,89,40,10.36
525,Verkhoshizhemye,RU,2022-09-19 18:13:12,58.011,49.1038,58.55,79,100,14.61
526,Lavrentiya,RU,2022-09-19 18:13:13,65.5833,-171.0,37.06,85,100,3.85
527,Ternate,ID,2022-09-19 18:13:14,0.8,127.4,80.76,78,85,1.72
528,Pingliang,CN,2022-09-19 18:13:14,35.5392,106.6861,56.21,83,100,8.7
529,Canandaigua,US,2022-09-19 18:13:15,42.8742,-77.288,67.82,93,100,14.65
530,Sunderland,GB,2022-09-19 18:13:15,54.9047,-1.3822,57.97,79,47,4.47
531,Ancud,CL,2022-09-19 18:13:16,-41.8697,-73.8203,47.23,71,80,6.44
532,Lodja,CD,2022-09-19 18:13:16,-3.4833,23.4333,74.52,79,54,2.04
533,Baglung,NP,2022-09-19 18:13:17,28.2719,83.5898,68.07,91,31,4.34
534,Clarence Town,AU,2022-09-19 18:13:18,-32.5833,151.7833,57.85,85,1,2.59
535,Bagdarin,RU,2022-09-19 18:13:18,54.4333,113.6,29.3,72,8,3.83
536,Leningradskiy,RU,2022-09-19 18:13:19,69.3833,178.4167,31.69,96,100,18.92
537,Grand Gaube,MU,2022-09-19 18:13:19,-20.0064,57.6608,72.0,69,1,5.99
538,Muroto,JP,2022-09-19 18:13:20,33.2833,134.15,76.86,73,99,18.43
539,Egvekinot,RU,2022-09-19 18:13:20,66.3167,-179.1667,33.28,82,97,4.61
540,Kirkuk,IQ,2022-09-19 18:13:21,35.4681,44.3922,92.25,11,0,5.41
541,Mogadishu,SO,2022-09-19 18:11:15,2.0371,45.3438,78.22,85,74,14.18
542,Solnechnyy,RU,2022-09-19 18:13:22,50.7214,136.6319,34.66,98,100,0.38
543,Portland,US,2022-09-19 18:10:36,45.5234,-122.6762,75.06,60,0,1.99
544,Komatipoort,ZA,2022-09-19 18:13:22,-25.4332,31.9548,77.05,55,0,11.59
545,Aquiraz,BR,2022-09-19 18:13:23,-3.9014,-38.3911,86.09,61,87,14.56
546,Krasnoselkup,RU,2022-09-19 18:13:23,65.7,82.4667,40.33,87,99,17.29
547,Odweyne,SO,2022-09-19 18:13:24,9.4092,45.064,81.99,42,100,15.37
548,Bonito,BR,2022-09-19 18:13:24,-21.1211,-56.4819,85.93,46,68,9.4
549,Faya,SA,2022-09-19 18:13:25,18.3851,42.4509,66.72,58,87,5.28
550,Gediz,TR,2022-09-19 18:13:26,39.0417,29.41,63.81,44,0,2.8
551,Oranjemund,NA,2022-09-19 18:13:27,-28.55,16.4333,54.36,78,0,17.22
552,Hobyo,SO,2022-09-19 18:13:27,5.3505,48.5268,77.22,90,52,22.21
553,Pelym,RU,2022-09-19 18:13:28,61.0108,61.9978,50.9,96,100,5.53
554,Kandrian,PG,2022-09-19 18:13:29,-6.2167,149.55,76.23,92,100,9.8
555,Kolokani,ML,2022-09-19 18:13:29,13.5728,-8.0339,82.29,69,78,2.26
556,Courtenay,CA,2022-09-19 18:13:30,49.6866,-124.9936,66.99,58,0,10.36
557,Kourou,GF,2022-09-19 18:13:30,5.1552,-52.6478,89.65,58,54,9.48
558,Itaituba,BR,2022-09-19 18:13:32,-4.2761,-55.9836,104.7,21,75,3.62
559,Aykhal,RU,2022-09-19 18:13:33,66.0,111.5,35.02,99,100,5.08
560,Saint-Joseph,RE,2022-09-19 18:13:33,-21.3667,55.6167,68.38,77,36,11.9
561,Omboue,GA,2022-09-19 18:13:34,-1.5746,9.2618,76.35,83,85,8.46
562,Bunia,CD,2022-09-19 18:11:56,1.5667,30.25,64.71,81,64,2.82
563,Along,IN,2022-09-19 18:13:35,28.1667,94.7667,74.61,98,60,1.92
564,Abu Samrah,SY,2022-09-19 18:13:35,35.3029,37.1841,79.12,58,0,10.45
565,Valladolid,ES,2022-09-19 18:09:02,41.5833,-4.6667,80.74,37,94,6.62
566,Lerwick,GB,2022-09-19 18:13:36,60.1545,-1.1494,50.0,65,26,2.71
567,Syracuse,IT,2022-09-19 18:13:36,37.0881,15.2792,80.19,66,18,5.68
568,Ystad,SE,2022-09-19 18:13:37,55.4297,13.8204,52.54,70,70,12.93
569,Jiayuguan,CN,2022-09-19 18:13:37,39.8167,98.3,58.84,57,0,4.38
570,Octeville,FR,2022-09-19 18:13:38,49.6261,-1.6435,58.78,77,0,3.44
571,Parkes,AU,2022-09-19 18:13:38,-33.1333,148.1833,41.36,81,0,4.43
572,Marsabit,KE,2022-09-19 18:13:39,2.3284,37.9899,71.06,56,46,24.9
573,Amahai,ID,2022-09-19 18:13:39,-3.3333,128.9167,77.14,88,100,2.06
574,Katsuura,JP,2022-09-19 18:09:16,35.1333,140.3,80.69,87,96,33.38
575,Yerbogachen,RU,2022-09-19 18:13:40,61.2767,108.0108,41.52,98,100,5.91
576,Robertsport,LR,2022-09-19 18:13:40,6.7533,-11.3686,78.24,80,54,11.01
577,Biswan,IN,2022-09-19 18:13:41,27.5,81.0,81.84,78,23,1.77
578,Cuamba,MZ,2022-09-19 18:13:41,-14.8031,36.5372,82.33,28,22,3.65
579,Gao,ML,2022-09-19 18:13:42,16.6362,1.637,97.79,26,68,8.77
580,Kariba,ZW,2022-09-19 18:13:42,-16.5167,28.8,83.07,25,1,4.56
581,Marion,US,2022-09-19 18:09:39,39.7684,-86.1555,80.2,80,75,10.36
582,Adrar,MR,2022-09-19 18:13:44,20.5022,-10.0711,95.68,21,61,9.4
583,Talcahuano,CL,2022-09-19 18:13:45,-36.7167,-73.1167,53.28,54,20,13.8
584,Aktas,KZ,2022-09-19 18:13:45,49.7789,72.9608,38.95,30,0,9.64
585,Changji,CN,2022-09-19 18:13:45,44.0167,87.3167,65.19,27,0,4.47
